{
  "overall_sparsity": 0.39998595516842145,
  "num_tensors_masked": 224,
  "num_params_masked": 2791630719,
  "total_params": 6979321856,
  "sparsity_by_layer": {
    "0": 0.39963653454413783,
    "1": 0.3994533969805791,
    "2": 0.3995712445332454,
    "3": 0.39994807426746076,
    "4": 0.39994834478084856,
    "5": 0.40024985258395857,
    "6": 0.40020956901403576,
    "7": 0.40015920767417323,
    "8": 0.40044069290161133,
    "9": 0.4003578011806195,
    "10": 0.4002199860719534,
    "11": 0.4002130306684054,
    "12": 0.39997279185515183,
    "13": 0.3997227457853464,
    "14": 0.39982418372080875,
    "15": 0.39976983345471895,
    "16": 0.40043434729942906,
    "17": 0.4006511385624225,
    "18": 0.3997172713279724,
    "19": 0.4000150194534889,
    "20": 0.40004636691166806,
    "21": 0.40004628896713257,
    "22": 0.3998457651871901,
    "23": 0.3998278516989488,
    "24": 0.3997926115989685,
    "25": 0.39976258461291975,
    "26": 0.3997290547077472,
    "27": 0.39957605875455415,
    "28": 0.399978559750777,
    "29": 0.400298352424915,
    "30": 0.40024645970417905,
    "31": 0.3998855444101187
  }
}