{
  "overall_sparsity": 0.19990155207259314,
  "num_tensors_masked": 196,
  "num_params_masked": 563436975,
  "total_params": 2818572288,
  "sparsity_by_layer": {
    "none": 0.19990155207259314
  }
}