{
  "overall_sparsity": 0.2004449967868053,
  "num_tensors_masked": 224,
  "num_params_masked": 1398970147,
  "total_params": 6979321856,
  "sparsity_by_layer": {
    "0": 0.209985233270205,
    "1": 0.19986286530127892,
    "2": 0.2004322226230915,
    "3": 0.199945133465987,
    "4": 0.19981629114884597,
    "5": 0.1998467628772442,
    "6": 0.19979526446415827,
    "7": 0.20016764218990618,
    "8": 0.1998729109764099,
    "9": 0.20005829517657941,
    "10": 0.19985304887478167,
    "11": 0.2000788037593548,
    "12": 0.2002228177510775,
    "13": 0.20031957901441133,
    "14": 0.19957543794925398,
    "15": 0.2001813925229586,
    "16": 0.2003750755236699,
    "17": 0.20038508910399216,
    "18": 0.2001752761694101,
    "19": 0.20019179124098557,
    "20": 0.20040861459878775,
    "21": 0.2003918977884146,
    "22": 0.20033999589773324,
    "23": 0.2000696980036222,
    "24": 0.20005796964351946,
    "25": 0.2000934756719149,
    "26": 0.2000212806921739,
    "27": 0.1999594523356511,
    "28": 0.2002076919262226,
    "29": 0.20062301250604483,
    "30": 0.20066305765738854,
    "31": 0.20026281705269447
  }
}