{
  "overall_sparsity": 0.20044190594210073,
  "num_tensors_masked": 224,
  "num_params_masked": 1398948575,
  "total_params": 6979321856,
  "sparsity_by_layer": {
    "0": 0.20996722808251014,
    "1": 0.1994907305790828,
    "2": 0.2004977143727816,
    "3": 0.19992184180479783,
    "4": 0.19974125348604643,
    "5": 0.19992382709796613,
    "6": 0.199769153044774,
    "7": 0.20018622966913077,
    "8": 0.1999294528594384,
    "9": 0.20010312245442316,
    "10": 0.19980316437207735,
    "11": 0.20009256326235259,
    "12": 0.20020351043114296,
    "13": 0.20029304577754095,
    "14": 0.1996504801970262,
    "15": 0.2001842214510991,
    "16": 0.2004651931615976,
    "17": 0.20037653812995324,
    "18": 0.2001929099743183,
    "19": 0.20014317219073957,
    "20": 0.20034939509171706,
    "21": 0.20054244078122652,
    "22": 0.20031133064856896,
    "23": 0.20001926330419686,
    "24": 0.19998766367252058,
    "25": 0.2000807890525231,
    "26": 0.200084755053887,
    "27": 0.200297108063331,
    "28": 0.20020916370245126,
    "29": 0.20054410971128023,
    "30": 0.20055377941865188,
    "31": 0.20022583924807036
  }
}