{
  "overall_sparsity": 0.9000925723417306,
  "num_params_masked": 48,
  "sparsity_by_layer": {
    "0": 0.9001162493670428,
    "1": 0.900112717239945,
    "2": 0.9001072071216725,
    "3": 0.9000882749204282,
    "4": 0.9000611481843172,
    "5": 0.9000964694552951,
    "6": 0.900099860297309,
    "7": 0.9001081961172598,
    "8": 0.9001125759548612,
    "9": 0.9000881336353443,
    "10": 0.9000525297941985,
    "11": 0.9000675060130932
  }
}