{
  "overall_sparsity": 0.4999082857886186,
  "num_tensors_masked": 224,
  "num_params_masked": 3489020825,
  "total_params": 6979321856,
  "sparsity_by_layer": {
    "0": 0.4993345875006456,
    "1": 0.499699578835414,
    "2": 0.4999571763552152,
    "3": 0.5000282113368695,
    "4": 0.49996742835411656,
    "5": 0.4999100657609793,
    "6": 0.5000242178256695,
    "7": 0.5000412509991572,
    "8": 0.4996008506188026,
    "9": 0.499982081926786,
    "10": 0.5001417031654944,
    "11": 0.49995752022816586,
    "12": 0.4996467645351703,
    "13": 0.4994794955620399,
    "14": 0.500030728486868,
    "15": 0.49971458545097935,
    "16": 0.5001099017950205,
    "17": 0.49983978729981643,
    "18": 0.50010523887781,
    "19": 0.49958181839722854,
    "20": 0.49955893479860747,
    "21": 0.4999870016024663,
    "22": 0.5005759321726285,
    "23": 0.5001179896868192,
    "24": 0.49989237235142636,
    "25": 0.5001358756652245,
    "26": 0.5001829908444331,
    "27": 0.4998128414154053,
    "28": 0.49975765209931594,
    "29": 0.49997549332105196,
    "30": 0.4998804789323073,
    "31": 0.5000345890338604
  }
}