{
  "overall_sparsity": 0.6000551428823244,
  "num_tensors_masked": 196,
  "num_params_masked": 1691298797,
  "total_params": 2818572288,
  "sparsity_by_layer": {
    "none": 0.6000551428823244
  }
}