{
  "overall_sparsity": 0.500096725211257,
  "num_tensors_masked": 196,
  "num_params_masked": 1409558771,
  "total_params": 2818572288,
  "sparsity_by_layer": {
    "none": 0.500096725211257
  }
}