{
  "overall_sparsity": 0.8999997244940864,
  "num_params_masked": 48,
  "sparsity_by_layer": {
    "0": 0.8999996891728154,
    "1": 0.8999996891728154,
    "2": 0.8999998304578993,
    "3": 0.8999998304578993,
    "4": 0.8999996891728154,
    "5": 0.8999996891728154,
    "6": 0.8999996891728154,
    "7": 0.8999996891728154,
    "8": 0.8999998304578993,
    "9": 0.8999996891728154,
    "10": 0.8999996891728154,
    "11": 0.8999996891728154
  }
}