{
  "overall_sparsity": 0.46666652773633416,
  "num_params_masked": 48,
  "sparsity_by_layer": {
    "0": 0.19999977394386573,
    "1": 0.19999977394386573,
    "2": 0.19999977394386573,
    "3": 0.19999977394386573,
    "4": 0.5,
    "5": 0.5,
    "6": 0.5,
    "7": 0.5,
    "8": 0.6999997739438657,
    "9": 0.6999997739438657,
    "10": 0.6999997739438657,
    "11": 0.6999999152289497
  }
}