{
  "overall_sparsity": 0.4999419406342965,
  "num_tensors_masked": 224,
  "num_params_masked": 3489255713,
  "total_params": 6979321856,
  "sparsity_by_layer": {
    "0": 0.4994616966981154,
    "1": 0.49973647411052996,
    "2": 0.5001478011791523,
    "3": 0.5002492161897513,
    "4": 0.5004188555937547,
    "5": 0.4996738525537344,
    "6": 0.499953751380627,
    "7": 0.49995083992297834,
    "8": 0.49954452881446254,
    "9": 0.49996947325192964,
    "10": 0.499934760423807,
    "11": 0.4996004333862892,
    "12": 0.49947595596313477,
    "13": 0.49955596832128674,
    "14": 0.5007036053217374,
    "15": 0.49965253243079555,
    "16": 0.500106889467973,
    "17": 0.4999212943590604,
    "18": 0.5000269871491653,
    "19": 0.4999256959328285,
    "20": 0.49976277351379395,
    "21": 0.4998622307410607,
    "22": 0.5005748730439407,
    "23": 0.49997718976094174,
    "24": 0.49970709819060105,
    "25": 0.4998939404120812,
    "26": 0.49994101432653576,
    "27": 0.49989548554787266,
    "28": 0.5003673021609967,
    "29": 0.5002165482594416,
    "30": 0.49985212546128494,
    "31": 0.5000809064278235
  }
}