{
  "overall_sparsity": 0.399982529763992,
  "num_tensors_masked": 224,
  "num_params_masked": 2791606812,
  "total_params": 6979321856,
  "sparsity_by_layer": {
    "0": 0.3995308050742516,
    "1": 0.39974084267249477,
    "2": 0.3995494017234215,
    "3": 0.39988234409919154,
    "4": 0.39990464540628284,
    "5": 0.4002448824735788,
    "6": 0.40021910117222714,
    "7": 0.40022326891238874,
    "8": 0.4004358740953299,
    "9": 0.40049524490649885,
    "10": 0.4002481194642874,
    "11": 0.4003252616295448,
    "12": 0.39966293481680065,
    "13": 0.39973052648397595,
    "14": 0.3996949883607718,
    "15": 0.4000155742351825,
    "16": 0.400337631885822,
    "17": 0.4006403684616089,
    "18": 0.39969401634656465,
    "19": 0.39994006890517014,
    "20": 0.3998735501216008,
    "21": 0.39991172001912045,
    "22": 0.39987585177788365,
    "23": 0.3997856149306664,
    "24": 0.39980964018748355,
    "25": 0.3997730200107281,
    "26": 0.39976171805308414,
    "27": 0.399731470988347,
    "28": 0.40007898899225086,
    "29": 0.40001044365075916,
    "30": 0.400231476013477,
    "31": 0.4000815565769489
  }
}