{
  "overall_sparsity": 0.5512047551927113,
  "num_params_masked": 196,
  "sparsity_by_layer": {
    "0": 0.40120212237040204,
    "1": 0.4009290635585785,
    "2": 0.40126733978589374,
    "3": 0.4011761446793874,
    "4": 0.4005386531352997,
    "5": 0.40115557114283246,
    "6": 0.4016246497631073,
    "7": 0.5016676684220632,
    "8": 0.5009703040122986,
    "9": 0.5010989209016165,
    "10": 0.5014141897360483,
    "11": 0.5009214878082275,
    "12": 0.500618447860082,
    "13": 0.5015494227409363,
    "14": 0.6011951069037119,
    "15": 0.6012633442878723,
    "16": 0.6013162632783254,
    "17": 0.6008742849032084,
    "18": 0.6013162632783254,
    "19": 0.6011647880077362,
    "20": 0.6010110477606455,
    "21": 0.7014088928699493,
    "22": 0.702500730752945,
    "23": 0.7005871832370758,
    "24": 0.7012865940729777,
    "25": 0.7014974355697632,
    "26": 0.7013025085131327,
    "27": 0.7008747160434723
  }
}