{
  "overall_sparsity": 0.2999688372725532,
  "num_tensors_masked": 196,
  "num_params_masked": 845483852,
  "total_params": 2818572288,
  "sparsity_by_layer": {
    "none": 0.2999688372725532
  }
}