{
  "overall_sparsity": 0.3000086911309224,
  "num_tensors_masked": 224,
  "num_params_masked": 2093857215,
  "total_params": 6979321856,
  "sparsity_by_layer": {
    "0": 0.2999890446662903,
    "1": 0.30036913890105027,
    "2": 0.3001479414793161,
    "3": 0.30033178054369414,
    "4": 0.2999425484583928,
    "5": 0.30003400490834164,
    "6": 0.3001691515629108,
    "7": 0.3001259657052847,
    "8": 0.3002231166912959,
    "9": 0.30023083320030797,
    "10": 0.30011966136785656,
    "11": 0.3000729955159701,
    "12": 0.29974751747571504,
    "13": 0.3001953592667213,
    "14": 0.2995894642976614,
    "15": 0.30038027121470523,
    "16": 0.2996814938691946,
    "17": 0.30004635682472813,
    "18": 0.30028607753606945,
    "19": 0.3000665536293617,
    "20": 0.3000839902804448,
    "21": 0.29971732543065,
    "22": 0.29955583810806274,
    "23": 0.300069666825808,
    "24": 0.29990278299038226,
    "25": 0.29992814247424787,
    "26": 0.3000501898618845,
    "27": 0.29949959883323085,
    "28": 0.29988587819612944,
    "29": 0.29988433764531064,
    "30": 0.3002026631281926,
    "31": 0.2997484253003047
  }
}