{
  "overall_sparsity": 0.5529874116182327,
  "num_params_masked": 196,
  "sparsity_by_layer": {
    "0": 0.40687501430511475,
    "1": 0.40771472454071045,
    "2": 0.4042833646138509,
    "3": 0.40527000029881793,
    "4": 0.406857172648112,
    "5": 0.40487728516260785,
    "6": 0.40697604417800903,
    "7": 0.501144289970398,
    "8": 0.5013719002405802,
    "9": 0.5011641581853231,
    "10": 0.5011616746584574,
    "11": 0.5013481577237447,
    "12": 0.5014433662096659,
    "13": 0.501685619354248,
    "14": 0.6043195128440857,
    "15": 0.603394349416097,
    "16": 0.6033235192298889,
    "17": 0.6010252634684244,
    "18": 0.6012923121452332,
    "19": 0.6014721989631653,
    "20": 0.6037073930104574,
    "21": 0.7014733751614889,
    "22": 0.701619823773702,
    "23": 0.7011006871859232,
    "24": 0.7018138368924459,
    "25": 0.7023879289627075,
    "26": 0.702063242594401,
    "27": 0.7024813095728556
  }
}