{
  "overall_sparsity": 0.30002417816565585,
  "num_tensors_masked": 224,
  "num_params_masked": 2093965304,
  "total_params": 6979321856,
  "sparsity_by_layer": {
    "0": 0.29993876585593593,
    "1": 0.3003772451327397,
    "2": 0.300241626225985,
    "3": 0.3002080229612497,
    "4": 0.29990137081879836,
    "5": 0.3001032517506526,
    "6": 0.30024839364565337,
    "7": 0.3001532554626465,
    "8": 0.3002953621057364,
    "9": 0.30013609849489653,
    "10": 0.29957649340996373,
    "11": 0.3001856207847595,
    "12": 0.29975570165194,
    "13": 0.30007753005394566,
    "14": 0.29994314908981323,
    "15": 0.3003785243401161,
    "16": 0.2997082013350267,
    "17": 0.30038082141142625,
    "18": 0.30026063552269566,
    "19": 0.3001265571667598,
    "20": 0.29988620372918934,
    "21": 0.2998159894576439,
    "22": 0.2996212106484633,
    "23": 0.3001239024675809,
    "24": 0.2998639620267428,
    "25": 0.2999797463417053,
    "26": 0.30016672152739304,
    "27": 0.29958207790668195,
    "28": 0.2998881936073303,
    "29": 0.29988402128219604,
    "30": 0.3003397308863126,
    "31": 0.29962531419900745
  }
}